代码,名称,交易状态,方向,订单价格,订单数量,已成交@均价,操作,下单时间,订单类型,期限,盘前竞价,时段,触发价,卖空,市场,币种,订单来源,成交数量,成交价格,成交金额,成交时间,市场,币种,对手经纪,备注
"SPY","标普500ETF-SPDR","全部成交","买入","市价","20","20@552.57","","2024/08/01 09:30:00","市价单","当日有效","不允许","盘中","","","美国市场","美元","","20","552.57","11051.4","2024/08/01 09:30:00","美国市场","美元","","","0.0",
"SPY","标普500ETF-SPDR","全部成交","买入","市价","20","20@535.75","","2024/08/02 09:30:00","市价单","当日有效","不允许","盘中","","","美国市场","美元","","20","535.75","10715.0","2024/08/02 09:30:00","美国市场","美元","","","0.0",
"SPY","标普500ETF-SPDR","全部成交","买入","市价","20","20@511.64","","2024/08/05 09:30:00","市价单","当日有效","不允许","盘中","","","美国市场","美元","","20","511.64","10232.8","2024/08/05 09:30:00","美国市场","美元","","","0.0",
"SPY","标普500ETF-SPDR","全部成交","买入","市价","20","20@519.22","","2024/08/06 09:30:00","市价单","当日有效","不允许","盘中","","","美国市场","美元","","20","519.22","10384.4","2024/08/06 09:30:00","美国市场","美元","","","0.0",
"SPY","标普500ETF-SPDR","全部成交","买入","市价","20","20@528.47","","2024/08/07 09:30:00","市价单","当日有效","不允许","盘中","","","美国市场","美元","","20","528.47","10569.4","2024/08/07 09:30:00","美国市场","美元","","","0.0",
"SPY","标普500ETF-SPDR","全部成交","买入","市价","20","20@523.91","","2024/08/08 09:30:00","市价单","当日有效","不允许","盘中","","","美国市场","美元","","20","523.91","10478.2","2024/08/08 09:30:00","美国市场","美元","","","0.0",
"SPY","标普500ETF-SPDR","全部成交","买入","市价","20","20@529.81","","2024/08/09 09:30:00","市价单","当日有效","不允许","盘中","","","美国市场","美元","","20","529.81","10596.2","2024/08/09 09:30:00","美国市场","美元","","","0.0",
"SPY","标普500ETF-SPDR","全部成交","买入","市价","20","20@534.21","","2024/08/12 09:30:00","市价单","当日有效","不允许","盘中","","","美国市场","美元","","20","534.21","10684.2","2024/08/12 09:30:00","美国市场","美元","","","0.0",
"SPY","标普500ETF-SPDR","全部成交","买入","市价","20","20@536.53","","2024/08/13 09:30:00","市价单","当日有效","不允许","盘中","","","美国市场","美元","","20","536.53","10730.6","2024/08/13 09:30:00","美国市场","美元","","","0.0",
"SPY","标普500ETF-SPDR","全部成交","买入","市价","20","20@542.85","","2024/08/14 09:30:00","市价单","当日有效","不允许","盘中","","","美国市场","美元","","20","542.85","10857.0","2024/08/14 09:30:00","美国市场","美元","","","0.0",
"SPY","标普500ETF-SPDR","全部成交","买入","市价","20","20@549.5","","2024/08/15 09:30:00","市价单","当日有效","不允许","盘中","","","美国市场","美元","","20","549.5","10990.0","2024/08/15 09:30:00","美国市场","美元","","","0.0",
"SPY","标普500ETF-SPDR","全部成交","买入","市价","20","20@551.42","","2024/08/16 09:30:00","市价单","当日有效","不允许","盘中","","","美国市场","美元","","20","551.42","11028.4","2024/08/16 09:30:00","美国市场","美元","","","0.0",
"SPY","标普500ETF-SPDR","全部成交","买入","市价","20","20@554.73","","2024/08/19 09:30:00","市价单","当日有效","不允许","盘中","","","美国市场","美元","","20","554.73","11094.6","2024/08/19 09:30:00","美国市场","美元","","","0.0",
"SPY","标普500ETF-SPDR","全部成交","买入","市价","20","20@559.15","","2024/08/20 09:30:00","市价单","当日有效","不允许","盘中","","","美国市场","美元","","20","559.15","11183.0","2024/08/20 09:30:00","美国市场","美元","","","0.0",
"SPY","标普500ETF-SPDR","全部成交","买入","市价","20","20@559.77","","2024/08/21 09:30:00","市价单","当日有效","不允许","盘中","","","美国市场","美元","","20","559.77","11195.4","2024/08/21 09:30:00","美国市场","美元","","","0.0",
"SPY","标普500ETF-SPDR","全部成交","买入","市价","20","20@562.56","","2024/08/22 09:30:00","市价单","当日有效","不允许","盘中","","","美国市场","美元","","20","562.56","11251.2","2024/08/22 09:30:00","美国市场","美元","","","0.0",
"SPY","标普500ETF-SPDR","全部成交","买入","市价","20","20@559.53","","2024/08/23 09:30:00","市价单","当日有效","不允许","盘中","","","美国市场","美元","","20","559.53","11190.6","2024/08/23 09:30:00","美国市场","美元","","","0.0",
"SPY","标普500ETF-SPDR","全部成交","买入","市价","20","20@563.18","","2024/08/26 09:30:00","市价单","当日有效","不允许","盘中","","","美国市场","美元","","20","563.18","11263.6","2024/08/26 09:30:00","美国市场","美元","","","0.0",
"SPY","标普500ETF-SPDR","全部成交","买入","市价","20","20@559.49","","2024/08/27 09:30:00","市价单","当日有效","不允许","盘中","","","美国市场","美元","","20","559.49","11189.8","2024/08/27 09:30:00","美国市场","美元","","","0.0",
"SPY","标普500ETF-SPDR","全部成交","买入","市价","20","20@561.21","","2024/08/28 09:30:00","市价单","当日有效","不允许","盘中","","","美国市场","美元","","20","561.21","11224.2","2024/08/28 09:30:00","美国市场","美元","","","0.0",
"SPY","标普500ETF-SPDR","全部成交","买入","市价","20","20@560.31","","2024/08/29 09:30:00","市价单","当日有效","不允许","盘中","","","美国市场","美元","","20","560.31","11206.2","2024/08/29 09:30:00","美国市场","美元","","","0.0",
"SPY","标普500ETF-SPDR","全部成交","买入","市价","20","20@560.77","","2024/08/30 09:30:00","市价单","当日有效","不允许","盘中","","","美国市场","美元","","20","560.77","11215.4","2024/08/30 09:30:00","美国市场","美元","","","0.0",
"SPY","标普500ETF-SPDR","全部成交","买入","市价","20","20@560.47","","2024/09/03 09:30:00","市价单","当日有效","不允许","盘中","","","美国市场","美元","","20","560.47","11209.4","2024/09/03 09:30:00","美国市场","美元","","","0.0",
"SPY","标普500ETF-SPDR","全部成交","买入","市价","20","20@550.2","","2024/09/04 09:30:00","市价单","当日有效","不允许","盘中","","","美国市场","美元","","20","550.2","11004.0","2024/09/04 09:30:00","美国市场","美元","","","0.0",
"SPY","标普500ETF-SPDR","全部成交","买入","市价","20","20@550.89","","2024/09/05 09:30:00","市价单","当日有效","不允许","盘中","","","美国市场","美元","","20","550.89","11017.8","2024/09/05 09:30:00","美国市场","美元","","","0.0",
"SPY","标普500ETF-SPDR","全部成交","买入","市价","20","20@549.94","","2024/09/06 09:30:00","市价单","当日有效","不允许","盘中","","","美国市场","美元","","20","549.94","10998.8","2024/09/06 09:30:00","美国市场","美元","","","0.0",
"SPY","标普500ETF-SPDR","全部成交","买入","市价","20","20@544.65","","2024/09/09 09:30:00","市价单","当日有效","不允许","盘中","","","美国市场","美元","","20","544.65","10893.0","2024/09/09 09:30:00","美国市场","美元","","","0.0",
"SPY","标普500ETF-SPDR","全部成交","买入","市价","20","20@548.36","","2024/09/10 09:30:00","市价单","当日有效","不允许","盘中","","","美国市场","美元","","20","548.36","10967.2","2024/09/10 09:30:00","美国市场","美元","","","0.0",
"SPY","标普500ETF-SPDR","全部成交","买入","市价","20","20@548.7","","2024/09/11 09:30:00","市价单","当日有效","不允许","盘中","","","美国市场","美元","","20","548.7","10974.0","2024/09/11 09:30:00","美国市场","美元","","","0.0",
"SPY","标普500ETF-SPDR","全部成交","买入","市价","20","20@555.01","","2024/09/12 09:30:00","市价单","当日有效","不允许","盘中","","","美国市场","美元","","20","555.01","11100.2","2024/09/12 09:30:00","美国市场","美元","","","0.0",
"SPY","标普500ETF-SPDR","全部成交","买入","市价","20","20@559.71","","2024/09/13 09:30:00","市价单","当日有效","不允许","盘中","","","美国市场","美元","","20","559.71","11194.2","2024/09/13 09:30:00","美国市场","美元","","","0.0",
"SPY","标普500ETF-SPDR","全部成交","买入","市价","20","20@561.74","","2024/09/16 09:30:00","市价单","当日有效","不允许","盘中","","","美国市场","美元","","20","561.74","11234.8","2024/09/16 09:30:00","美国市场","美元","","","0.0",
"SPY","标普500ETF-SPDR","全部成交","买入","市价","20","20@565.1","","2024/09/17 09:30:00","市价单","当日有效","不允许","盘中","","","美国市场","美元","","20","565.1","11302.0","2024/09/17 09:30:00","美国市场","美元","","","0.0",
"SPY","标普500ETF-SPDR","全部成交","买入","市价","20","20@563.74","","2024/09/18 09:30:00","市价单","当日有效","不允许","盘中","","","美国市场","美元","","20","563.74","11274.8","2024/09/18 09:30:00","美国市场","美元","","","0.0",
"SPY","标普500ETF-SPDR","全部成交","买入","市价","20","20@571.01","","2024/09/19 09:30:00","市价单","当日有效","不允许","盘中","","","美国市场","美元","","20","571.01","11420.2","2024/09/19 09:30:00","美国市场","美元","","","0.0",
"SPY","标普500ETF-SPDR","全部成交","买入","市价","20","20@567.84","","2024/09/20 09:30:00","市价单","当日有效","不允许","盘中","","","美国市场","美元","","20","567.84","11356.8","2024/09/20 09:30:00","美国市场","美元","","","0.0",
"SPY","标普500ETF-SPDR","全部成交","买入","市价","20","20@569.34","","2024/09/23 09:30:00","市价单","当日有效","不允许","盘中","","","美国市场","美元","","20","569.34","11386.8","2024/09/23 09:30:00","美国市场","美元","","","0.0",
"SPY","标普500ETF-SPDR","全部成交","买入","市价","20","20@570.48","","2024/09/24 09:30:00","市价单","当日有效","不允许","盘中","","","美国市场","美元","","20","570.48","11409.6","2024/09/24 09:30:00","美国市场","美元","","","0.0",
"SPY","标普500ETF-SPDR","全部成交","买入","市价","20","20@571.14","","2024/09/25 09:30:00","市价单","当日有效","不允许","盘中","","","美国市场","美元","","20","571.14","11422.8","2024/09/25 09:30:00","美国市场","美元","","","0.0",
"SPY","标普500ETF-SPDR","全部成交","买入","市价","20","20@574.38","","2024/09/26 09:30:00","市价单","当日有效","不允许","盘中","","","美国市场","美元","","20","574.38","11487.6","2024/09/26 09:30:00","美国市场","美元","","","0.0",
"SPY","标普500ETF-SPDR","全部成交","买入","市价","20","20@573.39","","2024/09/27 09:30:00","市价单","当日有效","不允许","盘中","","","美国市场","美元","","20","573.39","11467.8","2024/09/27 09:30:00","美国市场","美元","","","0.0",
"SPY","标普500ETF-SPDR","全部成交","买入","市价","20","20@570.42","","2024/09/30 09:30:00","市价单","当日有效","不允许","盘中","","","美国市场","美元","","20","570.42","11408.4","2024/09/30 09:30:00","美国市场","美元","","","0.0",
"SPY","标普500ETF-SPDR","全部成交","买入","市价","20","20@573.4","","2024/10/01 09:30:00","市价单","当日有效","不允许","盘中","","","美国市场","美元","","20","573.4","11468.0","2024/10/01 09:30:00","美国市场","美元","","","0.0",
"SPY","标普500ETF-SPDR","全部成交","买入","市价","20","20@567.71","","2024/10/02 09:30:00","市价单","当日有效","不允许","盘中","","","美国市场","美元","","20","567.71","11354.2","2024/10/02 09:30:00","美国市场","美元","","","0.0",
"SPY","标普500ETF-SPDR","全部成交","买入","市价","20","20@567.36","","2024/10/03 09:30:00","市价单","当日有效","不允许","盘中","","","美国市场","美元","","20","567.36","11347.2","2024/10/03 09:30:00","美国市场","美元","","","0.0",
"SPY","标普500ETF-SPDR","全部成交","买入","市价","20","20@572.35","","2024/10/04 09:30:00","市价单","当日有效","不允许","盘中","","","美国市场","美元","","20","572.35","11447.0","2024/10/04 09:30:00","美国市场","美元","","","0.0",
"SPY","标普500ETF-SPDR","全部成交","买入","市价","20","20@571.3","","2024/10/07 09:30:00","市价单","当日有效","不允许","盘中","","","美国市场","美元","","20","571.3","11426.0","2024/10/07 09:30:00","美国市场","美元","","","0.0",
"SPY","标普500ETF-SPDR","全部成交","买入","市价","20","20@570.42","","2024/10/08 09:30:00","市价单","当日有效","不允许","盘中","","","美国市场","美元","","20","570.42","11408.4","2024/10/08 09:30:00","美国市场","美元","","","0.0",
"SPY","标普500ETF-SPDR","全部成交","买入","市价","20","20@573.16","","2024/10/09 09:30:00","市价单","当日有效","不允许","盘中","","","美国市场","美元","","20","573.16","11463.2","2024/10/09 09:30:00","美国市场","美元","","","0.0",
"SPY","标普500ETF-SPDR","全部成交","买入","市价","20","20@575.77","","2024/10/10 09:30:00","市价单","当日有效","不允许","盘中","","","美国市场","美元","","20","575.77","11515.4","2024/10/10 09:30:00","美国市场","美元","","","0.0",
"SPY","标普500ETF-SPDR","全部成交","买入","市价","20","20@576.05","","2024/10/11 09:30:00","市价单","当日有效","不允许","盘中","","","美国市场","美元","","20","576.05","11521.0","2024/10/11 09:30:00","美国市场","美元","","","0.0",
"SPY","标普500ETF-SPDR","全部成交","买入","市价","20","20@581.22","","2024/10/14 09:30:00","市价单","当日有效","不允许","盘中","","","美国市场","美元","","20","581.22","11624.4","2024/10/14 09:30:00","美国市场","美元","","","0.0",
"SPY","标普500ETF-SPDR","全部成交","买入","市价","20","20@584.59","","2024/10/15 09:30:00","市价单","当日有效","不允许","盘中","","","美国市场","美元","","20","584.59","11691.8","2024/10/15 09:30:00","美国市场","美元","","","0.0",
"SPY","标普500ETF-SPDR","全部成交","买入","市价","20","20@579.78","","2024/10/16 09:30:00","市价单","当日有效","不允许","盘中","","","美国市场","美元","","20","579.78","11595.6","2024/10/16 09:30:00","美国市场","美元","","","0.0",
"SPY","标普500ETF-SPDR","全部成交","买入","市价","20","20@585.91","","2024/10/17 09:30:00","市价单","当日有效","不允许","盘中","","","美国市场","美元","","20","585.91","11718.2","2024/10/17 09:30:00","美国市场","美元","","","0.0",
"SPY","标普500ETF-SPDR","全部成交","买入","市价","20","20@584.07","","2024/10/18 09:30:00","市价单","当日有效","不允许","盘中","","","美国市场","美元","","20","584.07","11681.4","2024/10/18 09:30:00","美国市场","美元","","","0.0",
"SPY","标普500ETF-SPDR","全部成交","买入","市价","20","20@583.85","","2024/10/21 09:30:00","市价单","当日有效","不允许","盘中","","","美国市场","美元","","20","583.85","11677.0","2024/10/21 09:30:00","美国市场","美元","","","0.0",
"SPY","标普500ETF-SPDR","全部成交","买入","市价","20","20@581.05","","2024/10/22 09:30:00","市价单","当日有效","不允许","盘中","","","美国市场","美元","","20","581.05","11621.0","2024/10/22 09:30:00","美国市场","美元","","","0.0",
"SPY","标普500ETF-SPDR","全部成交","买入","市价","20","20@581.26","","2024/10/23 09:30:00","市价单","当日有效","不允许","盘中","","","美国市场","美元","","20","581.26","11625.2","2024/10/23 09:30:00","美国市场","美元","","","0.0",
"SPY","标普500ETF-SPDR","全部成交","买入","市价","20","20@579.98","","2024/10/24 09:30:00","市价单","当日有效","不允许","盘中","","","美国市场","美元","","20","579.98","11599.6","2024/10/24 09:30:00","美国市场","美元","","","0.0",
"SPY","标普500ETF-SPDR","全部成交","买入","市价","20","20@581.51","","2024/10/25 09:30:00","市价单","当日有效","不允许","盘中","","","美国市场","美元","","20","581.51","11630.2","2024/10/25 09:30:00","美国市场","美元","","","0.0",
"SPY","标普500ETF-SPDR","全部成交","买入","市价","20","20@582.58","","2024/10/28 09:30:00","市价单","当日有效","不允许","盘中","","","美国市场","美元","","20","582.58","11651.6","2024/10/28 09:30:00","美国市场","美元","","","0.0",
"SPY","标普500ETF-SPDR","全部成交","买入","市价","20","20@579.85","","2024/10/29 09:30:00","市价单","当日有效","不允许","盘中","","","美国市场","美元","","20","579.85","11597.0","2024/10/29 09:30:00","美国市场","美元","","","0.0",
"SPY","标普500ETF-SPDR","全部成交","买入","市价","20","20@581.29","","2024/10/30 09:30:00","市价单","当日有效","不允许","盘中","","","美国市场","美元","","20","581.29","11625.8","2024/10/30 09:30:00","美国市场","美元","","","0.0",
"SPY","标普500ETF-SPDR","全部成交","买入","市价","20","20@575.56","","2024/10/31 09:30:00","市价单","当日有效","不允许","盘中","","","美国市场","美元","","20","575.56","11511.2","2024/10/31 09:30:00","美国市场","美元","","","0.0",
"SPY","标普500ETF-SPDR","全部成交","买入","市价","20","20@571.32","","2024/11/01 09:30:00","市价单","当日有效","不允许","盘中","","","美国市场","美元","","20","571.32","11426.4","2024/11/01 09:30:00","美国市场","美元","","","0.0",
"SPY","标普500ETF-SPDR","全部成交","买入","市价","20","20@571.18","","2024/11/04 09:30:00","市价单","当日有效","不允许","盘中","","","美国市场","美元","","20","571.18","11423.6","2024/11/04 09:30:00","美国市场","美元","","","0.0",
"SPY","标普500ETF-SPDR","全部成交","买入","市价","20","20@570.74","","2024/11/05 09:30:00","市价单","当日有效","不允许","盘中","","","美国市场","美元","","20","570.74","11414.8","2024/11/05 09:30:00","美国市场","美元","","","0.0",
"SPY","标普500ETF-SPDR","全部成交","买入","市价","20","20@589.2","","2024/11/06 09:30:00","市价单","当日有效","不允许","盘中","","","美国市场","美元","","20","589.2","11784.0","2024/11/06 09:30:00","美国市场","美元","","","0.0",
"SPY","标普500ETF-SPDR","全部成交","买入","市价","20","20@593.08","","2024/11/07 09:30:00","市价单","当日有效","不允许","盘中","","","美国市场","美元","","20","593.08","11861.6","2024/11/07 09:30:00","美国市场","美元","","","0.0",
"SPY","标普500ETF-SPDR","全部成交","买入","市价","20","20@596.17","","2024/11/08 09:30:00","市价单","当日有效","不允许","盘中","","","美国市场","美元","","20","596.17","11923.4","2024/11/08 09:30:00","美国市场","美元","","","0.0",
"SPY","标普500ETF-SPDR","全部成交","买入","市价","20","20@599.81","","2024/11/11 09:30:00","市价单","当日有效","不允许","盘中","","","美国市场","美元","","20","599.81","11996.2","2024/11/11 09:30:00","美国市场","美元","","","0.0",
"SPY","标普500ETF-SPDR","全部成交","买入","市价","20","20@598.68","","2024/11/12 09:30:00","市价单","当日有效","不允许","盘中","","","美国市场","美元","","20","598.68","11973.6","2024/11/12 09:30:00","美国市场","美元","","","0.0",
"SPY","标普500ETF-SPDR","全部成交","买入","市价","20","20@597.37","","2024/11/13 09:30:00","市价单","当日有效","不允许","盘中","","","美国市场","美元","","20","597.37","11947.4","2024/11/13 09:30:00","美国市场","美元","","","0.0",
"SPY","标普500ETF-SPDR","全部成交","买入","市价","20","20@597.32","","2024/11/14 09:30:00","市价单","当日有效","不允许","盘中","","","美国市场","美元","","20","597.32","11946.4","2024/11/14 09:30:00","美国市场","美元","","","0.0",
"SPY","标普500ETF-SPDR","全部成交","买入","市价","20","20@589.72","","2024/11/15 09:30:00","市价单","当日有效","不允许","盘中","","","美国市场","美元","","20","589.72","11794.4","2024/11/15 09:30:00","美国市场","美元","","","0.0",
"SPY","标普500ETF-SPDR","全部成交","买入","市价","20","20@586.22","","2024/11/18 09:30:00","市价单","当日有效","不允许","盘中","","","美国市场","美元","","20","586.22","11724.4","2024/11/18 09:30:00","美国市场","美元","","","0.0",
"SPY","标普500ETF-SPDR","全部成交","买入","市价","20","20@584.71","","2024/11/19 09:30:00","市价单","当日有效","不允许","盘中","","","美国市场","美元","","20","584.71","11694.2","2024/11/19 09:30:00","美国市场","美元","","","0.0",
"SPY","标普500ETF-SPDR","全部成交","买入","市价","20","20@590.38","","2024/11/20 09:30:00","市价单","当日有效","不允许","盘中","","","美国市场","美元","","20","590.38","11807.6","2024/11/20 09:30:00","美国市场","美元","","","0.0",
"SPY","标普500ETF-SPDR","全部成交","买入","市价","20","20@593.4","","2024/11/21 09:30:00","市价单","当日有效","不允许","盘中","","","美国市场","美元","","20","593.4","11868.0","2024/11/21 09:30:00","美国市场","美元","","","0.0",
"SPY","标普500ETF-SPDR","全部成交","买入","市价","20","20@593.66","","2024/11/22 09:30:00","市价单","当日有效","不允许","盘中","","","美国市场","美元","","20","593.66","11873.2","2024/11/22 09:30:00","美国市场","美元","","","0.0",
"SPY","标普500ETF-SPDR","全部成交","买入","市价","20","20@599.52","","2024/11/25 09:30:00","市价单","当日有效","不允许","盘中","","","美国市场","美元","","20","599.52","11990.4","2024/11/25 09:30:00","美国市场","美元","","","0.0",
"SPY","标普500ETF-SPDR","全部成交","买入","市价","20","20@598.8","","2024/11/26 09:30:00","市价单","当日有效","不允许","盘中","","","美国市场","美元","","20","598.8","11976.0","2024/11/26 09:30:00","美国市场","美元","","","0.0",
"SPY","标普500ETF-SPDR","全部成交","买入","市价","20","20@600.46","","2024/11/27 09:30:00","市价单","当日有效","不允许","盘中","","","美国市场","美元","","20","600.46","12009.2","2024/11/27 09:30:00","美国市场","美元","","","0.0",
"SPY","标普500ETF-SPDR","全部成交","买入","市价","20","20@599.66","","2024/11/29 09:30:00","市价单","当日有效","不允许","盘中","","","美国市场","美元","","20","599.66","11993.2","2024/11/29 09:30:00","美国市场","美元","","","0.0",
"SPY","标普500ETF-SPDR","全部成交","买入","市价","20","20@602.97","","2024/12/02 09:30:00","市价单","当日有效","不允许","盘中","","","美国市场","美元","","20","602.97","12059.4","2024/12/02 09:30:00","美国市场","美元","","","0.0",
"SPY","标普500ETF-SPDR","全部成交","买入","市价","20","20@603.39","","2024/12/03 09:30:00","市价单","当日有效","不允许","盘中","","","美国市场","美元","","20","603.39","12067.8","2024/12/03 09:30:00","美国市场","美元","","","0.0",
"SPY","标普500ETF-SPDR","全部成交","买入","市价","20","20@605.63","","2024/12/04 09:30:00","市价单","当日有效","不允许","盘中","","","美国市场","美元","","20","605.63","12112.6","2024/12/04 09:30:00","美国市场","美元","","","0.0",
"SPY","标普500ETF-SPDR","全部成交","买入","市价","20","20@607.66","","2024/12/05 09:30:00","市价单","当日有效","不允许","盘中","","","美国市场","美元","","20","607.66","12153.2","2024/12/05 09:30:00","美国市场","美元","","","0.0",
"SPY","标普500ETF-SPDR","全部成交","买入","市价","20","20@607.44","","2024/12/06 09:30:00","市价单","当日有效","不允许","盘中","","","美国市场","美元","","20","607.44","12148.8","2024/12/06 09:30:00","美国市场","美元","","","0.0",
"SPY","标普500ETF-SPDR","全部成交","买入","市价","20","20@607.69","","2024/12/09 09:30:00","市价单","当日有效","不允许","盘中","","","美国市场","美元","","20","607.69","12153.8","2024/12/09 09:30:00","美国市场","美元","","","0.0",
"SPY","标普500ETF-SPDR","全部成交","买入","市价","20","20@605.37","","2024/12/10 09:30:00","市价单","当日有效","不允许","盘中","","","美国市场","美元","","20","605.37","12107.4","2024/12/10 09:30:00","美国市场","美元","","","0.0",
"SPY","标普500ETF-SPDR","全部成交","买入","市价","20","20@605.78","","2024/12/11 09:30:00","市价单","当日有效","不允许","盘中","","","美国市场","美元","","20","605.78","12115.6","2024/12/11 09:30:00","美国市场","美元","","","0.0",
"SPY","标普500ETF-SPDR","全部成交","买入","市价","20","20@606.58","","2024/12/12 09:30:00","市价单","当日有效","不允许","盘中","","","美国市场","美元","","20","606.58","12131.6","2024/12/12 09:30:00","美国市场","美元","","","0.0",
"SPY","标普500ETF-SPDR","全部成交","买入","市价","20","20@606.4","","2024/12/13 09:30:00","市价单","当日有效","不允许","盘中","","","美国市场","美元","","20","606.4","12128.0","2024/12/13 09:30:00","美国市场","美元","","","0.0",
"SPY","标普500ETF-SPDR","全部成交","买入","市价","20","20@606.0","","2024/12/16 09:30:00","市价单","当日有效","不允许","盘中","","","美国市场","美元","","20","606.0","12120.0","2024/12/16 09:30:00","美国市场","美元","","","0.0",
"SPY","标普500ETF-SPDR","全部成交","买入","市价","20","20@604.19","","2024/12/17 09:30:00","市价单","当日有效","不允许","盘中","","","美国市场","美元","","20","604.19","12083.8","2024/12/17 09:30:00","美国市场","美元","","","0.0",
"SPY","标普500ETF-SPDR","全部成交","买入","市价","20","20@603.98","","2024/12/18 09:30:00","市价单","当日有效","不允许","盘中","","","美国市场","美元","","20","603.98","12079.6","2024/12/18 09:30:00","美国市场","美元","","","0.0",
"SPY","标普500ETF-SPDR","全部成交","买入","市价","20","20@591.36","","2024/12/19 09:30:00","市价单","当日有效","不允许","盘中","","","美国市场","美元","","20","591.36","11827.2","2024/12/19 09:30:00","美国市场","美元","","","0.0",
"SPY","标普500ETF-SPDR","全部成交","买入","市价","20","20@581.77","","2024/12/20 09:30:00","市价单","当日有效","不允许","盘中","","","美国市场","美元","","20","581.77","11635.4","2024/12/20 09:30:00","美国市场","美元","","","0.0",
"SPY","标普500ETF-SPDR","全部成交","买入","市价","20","20@590.89","","2024/12/23 09:30:00","市价单","当日有效","不允许","盘中","","","美国市场","美元","","20","590.89","11817.8","2024/12/23 09:30:00","美国市场","美元","","","0.0",
"SPY","标普500ETF-SPDR","全部成交","买入","市价","20","20@596.06","","2024/12/24 09:30:00","市价单","当日有效","不允许","盘中","","","美国市场","美元","","20","596.06","11921.2","2024/12/24 09:30:00","美国市场","美元","","","0.0",
"SPY","标普500ETF-SPDR","全部成交","买入","市价","20","20@599.5","","2024/12/26 09:30:00","市价单","当日有效","不允许","盘中","","","美国市场","美元","","20","599.5","11990.0","2024/12/26 09:30:00","美国市场","美元","","","0.0",
"SPY","标普500ETF-SPDR","全部成交","买入","市价","20","20@597.54","","2024/12/27 09:30:00","市价单","当日有效","不允许","盘中","","","美国市场","美元","","20","597.54","11950.8","2024/12/27 09:30:00","美国市场","美元","","","0.0",
"SPY","标普500ETF-SPDR","全部成交","买入","市价","20","20@587.89","","2024/12/30 09:30:00","市价单","当日有效","不允许","盘中","","","美国市场","美元","","20","587.89","11757.8","2024/12/30 09:30:00","美国市场","美元","","","0.0",
"SPY","标普500ETF-SPDR","全部成交","买入","市价","20","20@589.91","","2024/12/31 09:30:00","市价单","当日有效","不允许","盘中","","","美国市场","美元","","20","589.91","11798.2","2024/12/31 09:30:00","美国市场","美元","","","0.0",
"SPY","标普500ETF-SPDR","全部成交","买入","市价","20","20@589.39","","2025/01/02 09:30:00","市价单","当日有效","不允许","盘中","","","美国市场","美元","","20","589.39","11787.8","2025/01/02 09:30:00","美国市场","美元","","","0.0",
"SPY","标普500ETF-SPDR","全部成交","买入","市价","20","20@587.53","","2025/01/03 09:30:00","市价单","当日有效","不允许","盘中","","","美国市场","美元","","20","587.53","11750.6","2025/01/03 09:30:00","美国市场","美元","","","0.0",
"SPY","标普500ETF-SPDR","全部成交","买入","市价","20","20@596.27","","2025/01/06 09:30:00","市价单","当日有效","不允许","盘中","","","美国市场","美元","","20","596.27","11925.4","2025/01/06 09:30:00","美国市场","美元","","","0.0",
"SPY","标普500ETF-SPDR","全部成交","买入","市价","20","20@597.42","","2025/01/07 09:30:00","市价单","当日有效","不允许","盘中","","","美国市场","美元","","20","597.42","11948.4","2025/01/07 09:30:00","美国市场","美元","","","0.0",
"SPY","标普500ETF-SPDR","全部成交","买入","市价","20","20@588.7","","2025/01/08 09:30:00","市价单","当日有效","不允许","盘中","","","美国市场","美元","","20","588.7","11774.0","2025/01/08 09:30:00","美国市场","美元","","","0.0",
"SPY","标普500ETF-SPDR","全部成交","买入","市价","20","20@585.88","","2025/01/10 09:30:00","市价单","当日有效","不允许","盘中","","","美国市场","美元","","20","585.88","11717.6","2025/01/10 09:30:00","美国市场","美元","","","0.0",
"SPY","标普500ETF-SPDR","全部成交","买入","市价","20","20@575.77","","2025/01/13 09:30:00","市价单","当日有效","不允许","盘中","","","美国市场","美元","","20","575.77","11515.4","2025/01/13 09:30:00","美国市场","美元","","","0.0",
"SPY","标普500ETF-SPDR","全部成交","买入","市价","20","20@584.36","","2025/01/14 09:30:00","市价单","当日有效","不允许","盘中","","","美国市场","美元","","20","584.36","11687.2","2025/01/14 09:30:00","美国市场","美元","","","0.0",
"SPY","标普500ETF-SPDR","全部成交","买入","市价","20","20@590.33","","2025/01/15 09:30:00","市价单","当日有效","不允许","盘中","","","美国市场","美元","","20","590.33","11806.6","2025/01/15 09:30:00","美国市场","美元","","","0.0",
"SPY","标普500ETF-SPDR","全部成交","买入","市价","20","20@594.18","","2025/01/16 09:30:00","市价单","当日有效","不允许","盘中","","","美国市场","美元","","20","594.18","11883.6","2025/01/16 09:30:00","美国市场","美元","","","0.0",
"SPY","标普500ETF-SPDR","全部成交","买入","市价","20","20@596.96","","2025/01/17 09:30:00","市价单","当日有效","不允许","盘中","","","美国市场","美元","","20","596.96","11939.2","2025/01/17 09:30:00","美国市场","美元","","","0.0",
"SPY","标普500ETF-SPDR","全部成交","买入","市价","20","20@600.67","","2025/01/21 09:30:00","市价单","当日有效","不允许","盘中","","","美国市场","美元","","20","600.67","12013.4","2025/01/21 09:30:00","美国市场","美元","","","0.0",
"SPY","标普500ETF-SPDR","全部成交","买入","市价","20","20@605.92","","2025/01/22 09:30:00","市价单","当日有效","不允许","盘中","","","美国市场","美元","","20","605.92","12118.4","2025/01/22 09:30:00","美国市场","美元","","","0.0",
"SPY","标普500ETF-SPDR","全部成交","买入","市价","20","20@605.8","","2025/01/23 09:30:00","市价单","当日有效","不允许","盘中","","","美国市场","美元","","20","605.8","12116.0","2025/01/23 09:30:00","美国市场","美元","","","0.0",
"SPY","标普500ETF-SPDR","全部成交","买入","市价","20","20@609.81","","2025/01/24 09:30:00","市价单","当日有效","不允许","盘中","","","美国市场","美元","","20","609.81","12196.2","2025/01/24 09:30:00","美国市场","美元","","","0.0",
"SPY","标普500ETF-SPDR","全部成交","买入","市价","20","20@594.81","","2025/01/27 09:30:00","市价单","当日有效","不允许","盘中","","","美国市场","美元","","20","594.81","11896.2","2025/01/27 09:30:00","美国市场","美元","","","0.0",
"SPY","标普500ETF-SPDR","全部成交","买入","市价","20","20@600.62","","2025/01/28 09:30:00","市价单","当日有效","不允许","盘中","","","美国市场","美元","","20","600.62","12012.4","2025/01/28 09:30:00","美国市场","美元","","","0.0",
"SPY","标普500ETF-SPDR","全部成交","买入","市价","20","20@603.72","","2025/01/29 09:30:00","市价单","当日有效","不允许","盘中","","","美国市场","美元","","20","603.72","12074.4","2025/01/29 09:30:00","美国市场","美元","","","0.0",
"SPY","标普500ETF-SPDR","全部成交","买入","市价","20","20@603.96","","2025/01/30 09:30:00","市价单","当日有效","不允许","盘中","","","美国市场","美元","","20","603.96","12079.2","2025/01/30 09:30:00","美国市场","美元","","","0.0",
"SPY","标普500ETF-SPDR","全部成交","买入","市价","20","20@607.5","","2025/01/31 09:30:00","市价单","当日有效","不允许","盘中","","","美国市场","美元","","20","607.5","12150.0","2025/01/31 09:30:00","美国市场","美元","","","0.0",
"SPY","标普500ETF-SPDR","全部成交","买入","市价","20","20@592.67","","2025/02/03 09:30:00","市价单","当日有效","不允许","盘中","","","美国市场","美元","","20","592.67","11853.4","2025/02/03 09:30:00","美国市场","美元","","","0.0",
"SPY","标普500ETF-SPDR","全部成交","买入","市价","20","20@597.83","","2025/02/04 09:30:00","市价单","当日有效","不允许","盘中","","","美国市场","美元","","20","597.83","11956.6","2025/02/04 09:30:00","美国市场","美元","","","0.0",
"SPY","标普500ETF-SPDR","全部成交","买入","市价","20","20@600.64","","2025/02/05 09:30:00","市价单","当日有效","不允许","盘中","","","美国市场","美元","","20","600.64","12012.8","2025/02/05 09:30:00","美国市场","美元","","","0.0",
"SPY","标普500ETF-SPDR","全部成交","买入","市价","20","20@605.99","","2025/02/06 09:30:00","市价单","当日有效","不允许","盘中","","","美国市场","美元","","20","605.99","12119.8","2025/02/06 09:30:00","美国市场","美元","","","0.0",
"SPY","标普500ETF-SPDR","全部成交","买入","市价","20","20@606.89","","2025/02/07 09:30:00","市价单","当日有效","不允许","盘中","","","美国市场","美元","","20","606.89","12137.8","2025/02/07 09:30:00","美国市场","美元","","","0.0",
"SPY","标普500ETF-SPDR","全部成交","买入","市价","20","20@604.03","","2025/02/10 09:30:00","市价单","当日有效","不允许","盘中","","","美国市场","美元","","20","604.03","12080.6","2025/02/10 09:30:00","美国市场","美元","","","0.0",
"SPY","标普500ETF-SPDR","全部成交","买入","市价","20","20@602.55","","2025/02/11 09:30:00","市价单","当日有效","不允许","盘中","","","美国市场","美元","","20","602.55","12051.0","2025/02/11 09:30:00","美国市场","美元","","","0.0",
"SPY","标普500ETF-SPDR","全部成交","买入","市价","20","20@599.2","","2025/02/12 09:30:00","市价单","当日有效","不允许","盘中","","","美国市场","美元","","20","599.2","11984.0","2025/02/12 09:30:00","美国市场","美元","","","0.0",
"SPY","标普500ETF-SPDR","全部成交","买入","市价","20","20@604.48","","2025/02/13 09:30:00","市价单","当日有效","不允许","盘中","","","美国市场","美元","","20","604.48","12089.6","2025/02/13 09:30:00","美国市场","美元","","","0.0",
"SPY","标普500ETF-SPDR","全部成交","买入","市价","20","20@609.94","","2025/02/14 09:30:00","市价单","当日有效","不允许","盘中","","","美国市场","美元","","20","609.94","12198.8","2025/02/14 09:30:00","美国市场","美元","","","0.0",
"SPY","标普500ETF-SPDR","全部成交","买入","市价","20","20@610.88","","2025/02/18 09:30:00","市价单","当日有效","不允许","盘中","","","美国市场","美元","","20","610.88","12217.6","2025/02/18 09:30:00","美国市场","美元","","","0.0",
"SPY","标普500ETF-SPDR","全部成交","买入","市价","20","20@610.08","","2025/02/19 09:30:00","市价单","当日有效","不允许","盘中","","","美国市场","美元","","20","610.08","12201.6","2025/02/19 09:30:00","美国市场","美元","","","0.0",
"SPY","标普500ETF-SPDR","全部成交","买入","市价","20","20@611.54","","2025/02/20 09:30:00","市价单","当日有效","不允许","盘中","","","美国市场","美元","","20","611.54","12230.8","2025/02/20 09:30:00","美国市场","美元","","","0.0",
"SPY","标普500ETF-SPDR","全部成交","买入","市价","20","20@610.16","","2025/02/21 09:30:00","市价单","当日有效","不允许","盘中","","","美国市场","美元","","20","610.16","12203.2","2025/02/21 09:30:00","美国市场","美元","","","0.0",
"SPY","标普500ETF-SPDR","全部成交","买入","市价","20","20@602.02","","2025/02/24 09:30:00","市价单","当日有效","不允许","盘中","","","美国市场","美元","","20","602.02","12040.4","2025/02/24 09:30:00","美国市场","美元","","","0.0",
"SPY","标普500ETF-SPDR","全部成交","买入","市价","20","20@597.15","","2025/02/25 09:30:00","市价单","当日有效","不允许","盘中","","","美国市场","美元","","20","597.15","11943.0","2025/02/25 09:30:00","美国市场","美元","","","0.0",
"SPY","标普500ETF-SPDR","全部成交","买入","市价","20","20@595.93","","2025/02/26 09:30:00","市价单","当日有效","不允许","盘中","","","美国市场","美元","","20","595.93","11918.6","2025/02/26 09:30:00","美国市场","美元","","","0.0",
"SPY","标普500ETF-SPDR","全部成交","买入","市价","20","20@596.85","","2025/02/27 09:30:00","市价单","当日有效","不允许","盘中","","","美国市场","美元","","20","596.85","11937.0","2025/02/27 09:30:00","美国市场","美元","","","0.0",
"SPY","标普500ETF-SPDR","全部成交","买入","市价","20","20@585.56","","2025/02/28 09:30:00","市价单","当日有效","不允许","盘中","","","美国市场","美元","","20","585.56","11711.2","2025/02/28 09:30:00","美国市场","美元","","","0.0",
"SPY","标普500ETF-SPDR","全部成交","买入","市价","20","20@596.18","","2025/03/03 09:30:00","市价单","当日有效","不允许","盘中","","","美国市场","美元","","20","596.18","11923.6","2025/03/03 09:30:00","美国市场","美元","","","0.0",
"SPY","标普500ETF-SPDR","全部成交","买入","市价","20","20@579.71","","2025/03/04 09:30:00","市价单","当日有效","不允许","盘中","","","美国市场","美元","","20","579.71","11594.2","2025/03/04 09:30:00","美国市场","美元","","","0.0",
"SPY","标普500ETF-SPDR","全部成交","买入","市价","20","20@576.69","","2025/03/05 09:30:00","市价单","当日有效","不允许","盘中","","","美国市场","美元","","20","576.69","11533.8","2025/03/05 09:30:00","美国市场","美元","","","0.0",
"SPY","标普500ETF-SPDR","全部成交","买入","市价","20","20@575.48","","2025/03/06 09:30:00","市价单","当日有效","不允许","盘中","","","美国市场","美元","","20","575.48","11509.6","2025/03/06 09:30:00","美国市场","美元","","","0.0",
"SPY","标普500ETF-SPDR","全部成交","买入","市价","20","20@570.9","","2025/03/07 09:30:00","市价单","当日有效","不允许","盘中","","","美国市场","美元","","20","570.9","11418.0","2025/03/07 09:30:00","美国市场","美元","","","0.0",
"SPY","标普500ETF-SPDR","全部成交","买入","市价","20","20@567.59","","2025/03/10 09:30:00","市价单","当日有效","不允许","盘中","","","美国市场","美元","","20","567.59","11351.8","2025/03/10 09:30:00","美国市场","美元","","","0.0",
"SPY","标普500ETF-SPDR","全部成交","买入","市价","20","20@559.4","","2025/03/11 09:30:00","市价单","当日有效","不允许","盘中","","","美国市场","美元","","20","559.4","11188.0","2025/03/11 09:30:00","美国市场","美元","","","0.0",
"SPY","标普500ETF-SPDR","全部成交","买入","市价","20","20@562.17","","2025/03/12 09:30:00","市价单","当日有效","不允许","盘中","","","美国市场","美元","","20","562.17","11243.4","2025/03/12 09:30:00","美国市场","美元","","","0.0",
"SPY","标普500ETF-SPDR","全部成交","买入","市价","20","20@558.49","","2025/03/13 09:30:00","市价单","当日有效","不允许","盘中","","","美国市场","美元","","20","558.49","11169.8","2025/03/13 09:30:00","美国市场","美元","","","0.0",
"SPY","标普500ETF-SPDR","全部成交","买入","市价","20","20@556.11","","2025/03/14 09:30:00","市价单","当日有效","不允许","盘中","","","美国市场","美元","","20","556.11","11122.2","2025/03/14 09:30:00","美国市场","美元","","","0.0",
"SPY","标普500ETF-SPDR","全部成交","买入","市价","20","20@562.79","","2025/03/17 09:30:00","市价单","当日有效","不允许","盘中","","","美国市场","美元","","20","562.79","11255.8","2025/03/17 09:30:00","美国市场","美元","","","0.0",
"SPY","标普500ETF-SPDR","全部成交","买入","市价","20","20@564.8","","2025/03/18 09:30:00","市价单","当日有效","不允许","盘中","","","美国市场","美元","","20","564.8","11296.0","2025/03/18 09:30:00","美国市场","美元","","","0.0",
"SPY","标普500ETF-SPDR","全部成交","买入","市价","20","20@562.83","","2025/03/19 09:30:00","市价单","当日有效","不允许","盘中","","","美国市场","美元","","20","562.83","11256.6","2025/03/19 09:30:00","美国市场","美元","","","0.0",
"SPY","标普500ETF-SPDR","全部成交","买入","市价","20","20@563.33","","2025/03/20 09:30:00","市价单","当日有效","不允许","盘中","","","美国市场","美元","","20","563.33","11266.6","2025/03/20 09:30:00","美国市场","美元","","","0.0",
"SPY","标普500ETF-SPDR","全部成交","买入","市价","20","20@559.28","","2025/03/21 09:30:00","市价单","当日有效","不允许","盘中","","","美国市场","美元","","20","559.28","11185.6","2025/03/21 09:30:00","美国市场","美元","","","0.0",
"SPY","标普500ETF-SPDR","全部成交","买入","市价","20","20@570.8","","2025/03/24 09:30:00","市价单","当日有效","不允许","盘中","","","美国市场","美元","","20","570.8","11416.0","2025/03/24 09:30:00","美国市场","美元","","","0.0",
"SPY","标普500ETF-SPDR","全部成交","买入","市价","20","20@575.3","","2025/03/25 09:30:00","市价单","当日有效","不允许","盘中","","","美国市场","美元","","20","575.3","11506.0","2025/03/25 09:30:00","美国市场","美元","","","0.0",
"SPY","标普500ETF-SPDR","全部成交","买入","市价","20","20@575.19","","2025/03/26 09:30:00","市价单","当日有效","不允许","盘中","","","美国市场","美元","","20","575.19","11503.8","2025/03/26 09:30:00","美国市场","美元","","","0.0",
"SPY","标普500ETF-SPDR","全部成交","买入","市价","20","20@567.18","","2025/03/27 09:30:00","市价单","当日有效","不允许","盘中","","","美国市场","美元","","20","567.18","11343.6","2025/03/27 09:30:00","美国市场","美元","","","0.0",
"SPY","标普500ETF-SPDR","全部成交","买入","市价","20","20@565.53","","2025/03/28 09:30:00","市价单","当日有效","不允许","盘中","","","美国市场","美元","","20","565.53","11310.6","2025/03/28 09:30:00","美国市场","美元","","","0.0",
"SPY","标普500ETF-SPDR","全部成交","买入","市价","20","20@549.83","","2025/03/31 09:30:00","市价单","当日有效","不允许","盘中","","","美国市场","美元","","20","549.83","10996.6","2025/03/31 09:30:00","美国市场","美元","","","0.0",
"SPY","标普500ETF-SPDR","全部成交","买入","市价","20","20@557.45","","2025/04/01 09:30:00","市价单","当日有效","不允许","盘中","","","美国市场","美元","","20","557.45","11149.0","2025/04/01 09:30:00","美国市场","美元","","","0.0",
"SPY","标普500ETF-SPDR","全部成交","买入","市价","20","20@555.05","","2025/04/02 09:30:00","市价单","当日有效","不允许","盘中","","","美国市场","美元","","20","555.05","11101.0","2025/04/02 09:30:00","美国市场","美元","","","0.0",
"SPY","标普500ETF-SPDR","全部成交","买入","市价","20","20@545.11","","2025/04/03 09:30:00","市价单","当日有效","不允许","盘中","","","美国市场","美元","","20","545.11","10902.2","2025/04/03 09:30:00","美国市场","美元","","","0.0",
"SPY","标普500ETF-SPDR","全部成交","买入","市价","20","20@523.67","","2025/04/04 09:30:00","市价单","当日有效","不允许","盘中","","","美国市场","美元","","20","523.67","10473.4","2025/04/04 09:30:00","美国市场","美元","","","0.0",
"SPY","标普500ETF-SPDR","全部成交","买入","市价","20","20@489.19","","2025/04/07 09:30:00","市价单","当日有效","不允许","盘中","","","美国市场","美元","","20","489.19","9783.8","2025/04/07 09:30:00","美国市场","美元","","","0.0",
"SPY","标普500ETF-SPDR","全部成交","买入","市价","20","20@521.86","","2025/04/08 09:30:00","市价单","当日有效","不允许","盘中","","","美国市场","美元","","20","521.86","10437.2","2025/04/08 09:30:00","美国市场","美元","","","0.0",
"SPY","标普500ETF-SPDR","全部成交","买入","市价","20","20@493.44","","2025/04/09 09:30:00","市价单","当日有效","不允许","盘中","","","美国市场","美元","","20","493.44","9868.8","2025/04/09 09:30:00","美国市场","美元","","","0.0",
"SPY","标普500ETF-SPDR","全部成交","买入","市价","20","20@532.17","","2025/04/10 09:30:00","市价单","当日有效","不允许","盘中","","","美国市场","美元","","20","532.17","10643.4","2025/04/10 09:30:00","美国市场","美元","","","0.0",
"SPY","标普500ETF-SPDR","全部成交","买入","市价","20","20@523.01","","2025/04/11 09:30:00","市价单","当日有效","不允许","盘中","","","美国市场","美元","","20","523.01","10460.2","2025/04/11 09:30:00","美国市场","美元","","","0.0",
"SPY","标普500ETF-SPDR","全部成交","买入","市价","20","20@544.05","","2025/04/14 09:30:00","市价单","当日有效","不允许","盘中","","","美国市场","美元","","20","544.05","10881.0","2025/04/14 09:30:00","美国市场","美元","","","0.0",
"SPY","标普500ETF-SPDR","全部成交","买入","市价","20","20@539.67","","2025/04/15 09:30:00","市价单","当日有效","不允许","盘中","","","美国市场","美元","","20","539.67","10793.4","2025/04/15 09:30:00","美国市场","美元","","","0.0",
"SPY","标普500ETF-SPDR","全部成交","买入","市价","20","20@531.68","","2025/04/16 09:30:00","市价单","当日有效","不允许","盘中","","","美国市场","美元","","20","531.68","10633.6","2025/04/16 09:30:00","美国市场","美元","","","0.0",
"SPY","标普500ETF-SPDR","全部成交","买入","市价","20","20@527.64","","2025/04/17 09:30:00","市价单","当日有效","不允许","盘中","","","美国市场","美元","","20","527.64","10552.8","2025/04/17 09:30:00","美国市场","美元","","","0.0",
"SPY","标普500ETF-SPDR","全部成交","买入","市价","20","20@521.16","","2025/04/21 09:30:00","市价单","当日有效","不允许","盘中","","","美国市场","美元","","20","521.16","10423.2","2025/04/21 09:30:00","美国市场","美元","","","0.0",
"SPY","标普500ETF-SPDR","全部成交","买入","市价","20","20@520.14","","2025/04/22 09:30:00","市价单","当日有效","不允许","盘中","","","美国市场","美元","","20","520.14","10402.8","2025/04/22 09:30:00","美国市场","美元","","","0.0",
"SPY","标普500ETF-SPDR","全部成交","买入","市价","20","20@540.43","","2025/04/23 09:30:00","市价单","当日有效","不允许","盘中","","","美国市场","美元","","20","540.43","10808.6","2025/04/23 09:30:00","美国市场","美元","","","0.0",
"SPY","标普500ETF-SPDR","全部成交","买入","市价","20","20@536.72","","2025/04/24 09:30:00","市价单","当日有效","不允许","盘中","","","美国市场","美元","","20","536.72","10734.4","2025/04/24 09:30:00","美国市场","美元","","","0.0",
"SPY","标普500ETF-SPDR","全部成交","买入","市价","20","20@546.65","","2025/04/25 09:30:00","市价单","当日有效","不允许","盘中","","","美国市场","美元","","20","546.65","10933.0","2025/04/25 09:30:00","美国市场","美元","","","0.0",
"SPY","标普500ETF-SPDR","全部成交","买入","市价","20","20@551.39","","2025/04/28 09:30:00","市价单","当日有效","不允许","盘中","","","美国市场","美元","","20","551.39","11027.8","2025/04/28 09:30:00","美国市场","美元","","","0.0",
"SPY","标普500ETF-SPDR","全部成交","买入","市价","20","20@548.91","","2025/04/29 09:30:00","市价单","当日有效","不允许","盘中","","","美国市场","美元","","20","548.91","10978.2","2025/04/29 09:30:00","美国市场","美元","","","0.0",
"SPY","标普500ETF-SPDR","全部成交","买入","市价","20","20@547.57","","2025/04/30 09:30:00","市价单","当日有效","不允许","盘中","","","美国市场","美元","","20","547.57","10951.4","2025/04/30 09:30:00","美国市场","美元","","","0.0",
"SPY","标普500ETF-SPDR","全部成交","买入","市价","20","20@560.37","","2025/05/01 09:30:00","市价单","当日有效","不允许","盘中","","","美国市场","美元","","20","560.37","11207.4","2025/05/01 09:30:00","美国市场","美元","","","0.0",
"SPY","标普500ETF-SPDR","全部成交","买入","市价","20","20@564.73","","2025/05/02 09:30:00","市价单","当日有效","不允许","盘中","","","美国市场","美元","","20","564.73","11294.6","2025/05/02 09:30:00","美国市场","美元","","","0.0",
"SPY","标普500ETF-SPDR","全部成交","买入","市价","20","20@562.57","","2025/05/05 09:30:00","市价单","当日有效","不允许","盘中","","","美国市场","美元","","20","562.57","11251.4","2025/05/05 09:30:00","美国市场","美元","","","0.0",
"SPY","标普500ETF-SPDR","全部成交","买入","市价","20","20@557.93","","2025/05/06 09:30:00","市价单","当日有效","不允许","盘中","","","美国市场","美元","","20","557.93","11158.6","2025/05/06 09:30:00","美国市场","美元","","","0.0",
"SPY","标普500ETF-SPDR","全部成交","买入","市价","20","20@560.15","","2025/05/07 09:30:00","市价单","当日有效","不允许","盘中","","","美国市场","美元","","20","560.15","11203.0","2025/05/07 09:30:00","美国市场","美元","","","0.0",
"SPY","标普500ETF-SPDR","全部成交","买入","市价","20","20@565.24","","2025/05/08 09:30:00","市价单","当日有效","不允许","盘中","","","美国市场","美元","","20","565.24","11304.8","2025/05/08 09:30:00","美国市场","美元","","","0.0",
"SPY","标普500ETF-SPDR","全部成交","买入","市价","20","20@566.48","","2025/05/09 09:30:00","市价单","当日有效","不允许","盘中","","","美国市场","美元","","20","566.48","11329.6","2025/05/09 09:30:00","美国市场","美元","","","0.0",
"SPY","标普500ETF-SPDR","全部成交","买入","市价","20","20@581.47","","2025/05/12 09:30:00","市价单","当日有效","不允许","盘中","","","美国市场","美元","","20","581.47","11629.4","2025/05/12 09:30:00","美国市场","美元","","","0.0",
"SPY","标普500ETF-SPDR","全部成交","买入","市价","20","20@583.41","","2025/05/13 09:30:00","市价单","当日有效","不允许","盘中","","","美国市场","美元","","20","583.41","11668.2","2025/05/13 09:30:00","美国市场","美元","","","0.0",
"SPY","标普500ETF-SPDR","全部成交","买入","市价","20","20@587.81","","2025/05/14 09:30:00","市价单","当日有效","不允许","盘中","","","美国市场","美元","","20","587.81","11756.2","2025/05/14 09:30:00","美国市场","美元","","","0.0",
"SPY","标普500ETF-SPDR","全部成交","买入","市价","20","20@585.56","","2025/05/15 09:30:00","市价单","当日有效","不允许","盘中","","","美国市场","美元","","20","585.56","11711.2","2025/05/15 09:30:00","美国市场","美元","","","0.0",
"SPY","标普500ETF-SPDR","全部成交","买入","市价","20","20@591.25","","2025/05/16 09:30:00","市价单","当日有效","不允许","盘中","","","美国市场","美元","","20","591.25","11825.0","2025/05/16 09:30:00","美国市场","美元","","","0.0",
"SPY","标普500ETF-SPDR","全部成交","买入","市价","20","20@588.1","","2025/05/19 09:30:00","市价单","当日有效","不允许","盘中","","","美国市场","美元","","20","588.1","11762.0","2025/05/19 09:30:00","美国市场","美元","","","0.0",
"SPY","标普500ETF-SPDR","全部成交","买入","市价","20","20@593.09","","2025/05/20 09:30:00","市价单","当日有效","不允许","盘中","","","美国市场","美元","","20","593.09","11861.8","2025/05/20 09:30:00","美国市场","美元","","","0.0",
"SPY","标普500ETF-SPDR","全部成交","买入","市价","20","20@588.44","","2025/05/21 09:30:00","市价单","当日有效","不允许","盘中","","","美国市场","美元","","20","588.44","11768.8","2025/05/21 09:30:00","美国市场","美元","","","0.0",
"SPY","标普500ETF-SPDR","全部成交","买入","市价","20","20@582.66","","2025/05/22 09:30:00","市价单","当日有效","不允许","盘中","","","美国市场","美元","","20","582.66","11653.2","2025/05/22 09:30:00","美国市场","美元","","","0.0",
"SPY","标普500ETF-SPDR","全部成交","买入","市价","20","20@575.98","","2025/05/23 09:30:00","市价单","当日有效","不允许","盘中","","","美国市场","美元","","20","575.98","11519.6","2025/05/23 09:30:00","美国市场","美元","","","0.0",
"SPY","标普500ETF-SPDR","全部成交","买入","市价","20","20@586.07","","2025/05/27 09:30:00","市价单","当日有效","不允许","盘中","","","美国市场","美元","","20","586.07","11721.4","2025/05/27 09:30:00","美国市场","美元","","","0.0",
"SPY","标普500ETF-SPDR","全部成交","买入","市价","20","20@591.56","","2025/05/28 09:30:00","市价单","当日有效","不允许","盘中","","","美国市场","美元","","20","591.56","11831.2","2025/05/28 09:30:00","美国市场","美元","","","0.0",
"SPY","标普500ETF-SPDR","全部成交","买入","市价","20","20@593.06","","2025/05/29 09:30:00","市价单","当日有效","不允许","盘中","","","美国市场","美元","","20","593.06","11861.2","2025/05/29 09:30:00","美国市场","美元","","","0.0",
"SPY","标普500ETF-SPDR","全部成交","买入","市价","20","20@588.93","","2025/05/30 09:30:00","市价单","当日有效","不允许","盘中","","","美国市场","美元","","20","588.93","11778.6","2025/05/30 09:30:00","美国市场","美元","","","0.0",
"SPY","标普500ETF-SPDR","全部成交","买入","市价","20","20@587.76","","2025/06/02 09:30:00","市价单","当日有效","不允许","盘中","","","美国市场","美元","","20","587.76","11755.2","2025/06/02 09:30:00","美国市场","美元","","","0.0",
"SPY","标普500ETF-SPDR","全部成交","买入","市价","20","20@592.34","","2025/06/03 09:30:00","市价单","当日有效","不允许","盘中","","","美国市场","美元","","20","592.34","11846.8","2025/06/03 09:30:00","美国市场","美元","","","0.0",
"SPY","标普500ETF-SPDR","全部成交","买入","市价","20","20@596.96","","2025/06/04 09:30:00","市价单","当日有效","不允许","盘中","","","美国市场","美元","","20","596.96","11939.2","2025/06/04 09:30:00","美国市场","美元","","","0.0",
"SPY","标普500ETF-SPDR","全部成交","买入","市价","20","20@597.63","","2025/06/05 09:30:00","市价单","当日有效","不允许","盘中","","","美国市场","美元","","20","597.63","11952.6","2025/06/05 09:30:00","美国市场","美元","","","0.0",
"SPY","标普500ETF-SPDR","全部成交","买入","市价","20","20@598.66","","2025/06/06 09:30:00","市价单","当日有效","不允许","盘中","","","美国市场","美元","","20","598.66","11973.2","2025/06/06 09:30:00","美国市场","美元","","","0.0",
"SPY","标普500ETF-SPDR","全部成交","买入","市价","20","20@599.72","","2025/06/09 09:30:00","市价单","当日有效","不允许","盘中","","","美国市场","美元","","20","599.72","11994.4","2025/06/09 09:30:00","美国市场","美元","","","0.0",
"SPY","标普500ETF-SPDR","全部成交","买入","市价","20","20@600.22","","2025/06/10 09:30:00","市价单","当日有效","不允许","盘中","","","美国市场","美元","","20","600.22","12004.4","2025/06/10 09:30:00","美国市场","美元","","","0.0",
"SPY","标普500ETF-SPDR","全部成交","买入","市价","20","20@604.19","","2025/06/11 09:30:00","市价单","当日有效","不允许","盘中","","","美国市场","美元","","20","604.19","12083.8","2025/06/11 09:30:00","美国市场","美元","","","0.0",
"SPY","标普500ETF-SPDR","全部成交","买入","市价","20","20@600.01","","2025/06/12 09:30:00","市价单","当日有效","不允许","盘中","","","美国市场","美元","","20","600.01","12000.2","2025/06/12 09:30:00","美国市场","美元","","","0.0",
"SPY","标普500ETF-SPDR","全部成交","买入","市价","20","20@598.5","","2025/06/13 09:30:00","市价单","当日有效","不允许","盘中","","","美国市场","美元","","20","598.5","11970.0","2025/06/13 09:30:00","美国市场","美元","","","0.0",
"SPY","标普500ETF-SPDR","全部成交","买入","市价","20","20@600.4","","2025/06/16 09:30:00","市价单","当日有效","不允许","盘中","","","美国市场","美元","","20","600.4","12008.0","2025/06/16 09:30:00","美国市场","美元","","","0.0",
"SPY","标普500ETF-SPDR","全部成交","买入","市价","20","20@600.21","","2025/06/17 09:30:00","市价单","当日有效","不允许","盘中","","","美国市场","美元","","20","600.21","12004.2","2025/06/17 09:30:00","美国市场","美元","","","0.0",
"SPY","标普500ETF-SPDR","全部成交","买入","市价","20","20@598.44","","2025/06/18 09:30:00","市价单","当日有效","不允许","盘中","","","美国市场","美元","","20","598.44","11968.8","2025/06/18 09:30:00","美国市场","美元","","","0.0",
"SPY","标普500ETF-SPDR","全部成交","买入","市价","20","20@598.38","","2025/06/20 09:30:00","市价单","当日有效","不允许","盘中","","","美国市场","美元","","20","598.38","11967.6","2025/06/20 09:30:00","美国市场","美元","","","0.0",
"SPY","标普500ETF-SPDR","全部成交","买入","市价","20","20@595.04","","2025/06/23 09:30:00","市价单","当日有效","不允许","盘中","","","美国市场","美元","","20","595.04","11900.8","2025/06/23 09:30:00","美国市场","美元","","","0.0",
"SPY","标普500ETF-SPDR","全部成交","买入","市价","20","20@604.33","","2025/06/24 09:30:00","市价单","当日有效","不允许","盘中","","","美国市场","美元","","20","604.33","12086.6","2025/06/24 09:30:00","美国市场","美元","","","0.0",
"SPY","标普500ETF-SPDR","全部成交","买入","市价","20","20@607.91","","2025/06/25 09:30:00","市价单","当日有效","不允许","盘中","","","美国市场","美元","","20","607.91","12158.2","2025/06/25 09:30:00","美国市场","美元","","","0.0",
"SPY","标普500ETF-SPDR","全部成交","买入","市价","20","20@608.99","","2025/06/26 09:30:00","市价单","当日有效","不允许","盘中","","","美国市场","美元","","20","608.99","12179.8","2025/06/26 09:30:00","美国市场","美元","","","0.0",
"SPY","标普500ETF-SPDR","全部成交","买入","市价","20","20@612.88","","2025/06/27 09:30:00","市价单","当日有效","不允许","盘中","","","美国市场","美元","","20","612.88","12257.6","2025/06/27 09:30:00","美国市场","美元","","","0.0",
"SPY","标普500ETF-SPDR","全部成交","买入","市价","20","20@617.38","","2025/06/30 09:30:00","市价单","当日有效","不允许","盘中","","","美国市场","美元","","20","617.38","12347.6","2025/06/30 09:30:00","美国市场","美元","","","0.0",
"SPY","标普500ETF-SPDR","全部成交","买入","市价","20","20@616.36","","2025/07/01 09:30:00","市价单","当日有效","不允许","盘中","","","美国市场","美元","","20","616.36","12327.2","2025/07/01 09:30:00","美国市场","美元","","","0.0",
"SPY","标普500ETF-SPDR","全部成交","买入","市价","20","20@617.24","","2025/07/02 09:30:00","市价单","当日有效","不允许","盘中","","","美国市场","美元","","20","617.24","12344.8","2025/07/02 09:30:00","美国市场","美元","","","0.0",
"SPY","标普500ETF-SPDR","全部成交","买入","市价","20","20@622.45","","2025/07/03 09:30:00","市价单","当日有效","不允许","盘中","","","美国市场","美元","","20","622.45","12449.0","2025/07/03 09:30:00","美国市场","美元","","","0.0",
"SPY","标普500ETF-SPDR","全部成交","买入","市价","20","20@623.36","","2025/07/07 09:30:00","市价单","当日有效","不允许","盘中","","","美国市场","美元","","20","623.36","12467.2","2025/07/07 09:30:00","美国市场","美元","","","0.0",
"SPY","标普500ETF-SPDR","全部成交","买入","市价","20","20@621.35","","2025/07/08 09:30:00","市价单","当日有效","不允许","盘中","","","美国市场","美元","","20","621.35","12427.0","2025/07/08 09:30:00","美国市场","美元","","","0.0",
"SPY","标普500ETF-SPDR","全部成交","买入","市价","20","20@622.77","","2025/07/09 09:30:00","市价单","当日有效","不允许","盘中","","","美国市场","美元","","20","622.77","12455.4","2025/07/09 09:30:00","美国市场","美元","","","0.0",
"SPY","标普500ETF-SPDR","全部成交","买入","市价","20","20@624.2","","2025/07/10 09:30:00","市价单","当日有效","不允许","盘中","","","美国市场","美元","","20","624.2","12484.0","2025/07/10 09:30:00","美国市场","美元","","","0.0",
"SPY","标普500ETF-SPDR","全部成交","买入","市价","20","20@622.74","","2025/07/11 09:30:00","市价单","当日有效","不允许","盘中","","","美国市场","美元","","20","622.74","12454.8","2025/07/11 09:30:00","美国市场","美元","","","0.0",
"SPY","标普500ETF-SPDR","全部成交","买入","市价","20","20@623.16","","2025/07/14 09:30:00","市价单","当日有效","不允许","盘中","","","美国市场","美元","","20","623.16","12463.2","2025/07/14 09:30:00","美国市场","美元","","","0.0",
"SPY","标普500ETF-SPDR","全部成交","买入","市价","20","20@627.52","","2025/07/15 09:30:00","市价单","当日有效","不允许","盘中","","","美国市场","美元","","20","627.52","12550.4","2025/07/15 09:30:00","美国市场","美元","","","0.0",
"SPY","标普500ETF-SPDR","全部成交","买入","市价","20","20@623.74","","2025/07/16 09:30:00","市价单","当日有效","不允许","盘中","","","美国市场","美元","","20","623.74","12474.8","2025/07/16 09:30:00","美国市场","美元","","","0.0",
"SPY","标普500ETF-SPDR","全部成交","买入","市价","20","20@624.4","","2025/07/17 09:30:00","市价单","当日有效","不允许","盘中","","","美国市场","美元","","20","624.4","12488.0","2025/07/17 09:30:00","美国市场","美元","","","0.0",
"SPY","标普500ETF-SPDR","全部成交","买入","市价","20","20@629.3","","2025/07/18 09:30:00","市价单","当日有效","不允许","盘中","","","美国市场","美元","","20","629.3","12586.0","2025/07/18 09:30:00","美国市场","美元","","","0.0",
"SPY","标普500ETF-SPDR","全部成交","买入","市价","20","20@628.77","","2025/07/21 09:30:00","市价单","当日有效","不允许","盘中","","","美国市场","美元","","20","628.77","12575.4","2025/07/21 09:30:00","美国市场","美元","","","0.0",
"SPY","标普500ETF-SPDR","全部成交","买入","市价","20","20@629.1","","2025/07/22 09:30:00","市价单","当日有效","不允许","盘中","","","美国市场","美元","","20","629.1","12582.0","2025/07/22 09:30:00","美国市场","美元","","","0.0",
"SPY","标普500ETF-SPDR","全部成交","买入","市价","20","20@631.55","","2025/07/23 09:30:00","市价单","当日有效","不允许","盘中","","","美国市场","美元","","20","631.55","12631.0","2025/07/23 09:30:00","美国市场","美元","","","0.0",
"SPY","标普500ETF-SPDR","全部成交","买入","市价","20","20@634.6","","2025/07/24 09:30:00","市价单","当日有效","不允许","盘中","","","美国市场","美元","","20","634.6","12692.0","2025/07/24 09:30:00","美国市场","美元","","","0.0",
"SPY","标普500ETF-SPDR","全部成交","买入","市价","20","20@635.09","","2025/07/25 09:30:00","市价单","当日有效","不允许","盘中","","","美国市场","美元","","20","635.09","12701.8","2025/07/25 09:30:00","美国市场","美元","","","0.0",
"SPY","标普500ETF-SPDR","全部成交","买入","市价","20","20@637.48","","2025/07/28 09:30:00","市价单","当日有效","不允许","盘中","","","美国市场","美元","","20","637.48","12749.6","2025/07/28 09:30:00","美国市场","美元","","","0.0",
"SPY","标普500ETF-SPDR","全部成交","买入","市价","20","20@638.35","","2025/07/29 09:30:00","市价单","当日有效","不允许","盘中","","","美国市场","美元","","20","638.35","12767.0","2025/07/29 09:30:00","美国市场","美元","","","0.0",
"SPY","标普500ETF-SPDR","全部成交","买入","市价","20","20@635.92","","2025/07/30 09:30:00","市价单","当日有效","不允许","盘中","","","美国市场","美元","","20","635.92","12718.4","2025/07/30 09:30:00","美国市场","美元","","","0.0",
"SPY","标普500ETF-SPDR","全部成交","买入","市价","20","20@639.46","","2025/07/31 09:30:00","市价单","当日有效","不允许","盘中","","","美国市场","美元","","20","639.46","12789.2","2025/07/31 09:30:00","美国市场","美元","","","0.0",
"SPY","标普500ETF-SPDR","全部成交","买入","市价","20","20@626.3","","2025/08/01 09:30:00","市价单","当日有效","不允许","盘中","","","美国市场","美元","","20","626.3","12526.0","2025/08/01 09:30:00","美国市场","美元","","","0.0",
